epoch,lr,train_loss,val_psnr,val_ssim,epoch_sec,val_sec
1,0.0003,1.0940001010894775,9.436977841095107,0.02303085467254973,232.8708209991455,175.45118403434753
