epoch,lr,train_loss,val_psnr,val_ssim,epoch_sec,val_sec
1,0.0003,1.0940001010894775,9.436977841095107,0.023030857165971124,195.59373593330383,149.9228241443634
